item_key,item,archetype,title,license,creator,source,page,image_url,approve
10-chicken-mcnuggets,10 Chicken McNuggets,chicken-nuggets,314-365 McDonalds Chicken McNuggets,by,elsie.hui,flickr,https://www.flickr.com/photos/91188380@N05/12806574135,https://live.staticflickr.com/2847/12806574135_78fc64dc9e_b.jpg,
10-chicken-mcnuggets,10 Chicken McNuggets,chicken-nuggets,Takoyaki with McDonalds Chicken McNuggets,by,elsie.hui,flickr,https://www.flickr.com/photos/91188380@N05/9943721165,https://live.staticflickr.com/2814/9943721165_62e83795ea_b.jpg,
10-chicken-mcnuggets,10 Chicken McNuggets,chicken-nuggets,new McDonald's chicken McNuggets for the 1997 my McDonald's rebrand,pdm,PatrickRich,flickr,https://www.flickr.com/photos/91689877@N03/49158790237,https://live.staticflickr.com/65535/49158790237_73f65832b9_b.jpg,
10-chicken-mcnuggets,10 Chicken McNuggets,chicken-nuggets,Existing McDonald's Chicken McNuggets with gross fried rubbery breading MUST BE ,cc0,PatrickRich,flickr,https://www.flickr.com/photos/91689877@N03/54886429772,https://live.staticflickr.com/65535/54886429772_8c2db75097_b.jpg,
artisan-grilled-chicken-sandwich,Artisan Grilled Chicken Sandwich,chicken-sandwich,McDonald’s Artisan Grilled Chicken Sandwich,by-sa,theimpulsivebuy,flickr,https://www.flickr.com/photos/27410581@N07/17096277691,https://live.staticflickr.com/7645/17096277691_faf3dbbf69.jpg,
artisan-grilled-chicken-sandwich,Artisan Grilled Chicken Sandwich,chicken-sandwich,McDonald’s Artisan Grilled Chicken Sandwich 3,by-sa,theimpulsivebuy,flickr,https://www.flickr.com/photos/27410581@N07/17095441102,https://live.staticflickr.com/8725/17095441102_a93f07ab80.jpg,
artisan-grilled-chicken-sandwich,Artisan Grilled Chicken Sandwich,chicken-sandwich,McDonald’s Artisan Grilled Chicken Sandwich 2,by-sa,theimpulsivebuy,flickr,https://www.flickr.com/photos/27410581@N07/16909179228,https://live.staticflickr.com/8778/16909179228_85a03712fd.jpg,
artisan-grilled-chicken-sandwich,Artisan Grilled Chicken Sandwich,chicken-sandwich,McDonald’s Artisan Grilled Chicken Sandwich 4,by-sa,theimpulsivebuy,flickr,https://www.flickr.com/photos/27410581@N07/16889562917,https://live.staticflickr.com/8778/16889562917_4ec1cc3e41.jpg,
bacon-egg-cheese-bagel,"Bacon, Egg & Cheese Bagel",bread,McDonald's Bacon & Cheese Angus Snack Wrap,by-sa,theimpulsivebuy,flickr,https://www.flickr.com/photos/27410581@N07/4881974568,https://live.staticflickr.com/4142/4881974568_24df2d58fe_b.jpg,
bacon-egg-cheese-bagel,"Bacon, Egg & Cheese Bagel",bread,McDonald's Bacon Clubhouse Burger,by-sa,theimpulsivebuy,flickr,https://www.flickr.com/photos/27410581@N07/13304945214,https://live.staticflickr.com/7428/13304945214_21a2896de7.jpg,
bacon-egg-cheese-bagel,"Bacon, Egg & Cheese Bagel",bread,McDonald's Bacon McDouble,by-sa,theimpulsivebuy,flickr,https://www.flickr.com/photos/27410581@N07/10705775583,https://live.staticflickr.com/5477/10705775583_64f1c666df.jpg,
bacon-egg-cheese-bagel,"Bacon, Egg & Cheese Bagel",bread,McDonald's Bacon Cheddar McChicken,by-sa,theimpulsivebuy,flickr,https://www.flickr.com/photos/27410581@N07/10796462653,https://live.staticflickr.com/5505/10796462653_ace6c38a05.jpg,
big-breakfast,Big Breakfast,plated-meal,McDonald's Big Breakfast,by,Ruocaled,flickr,https://www.flickr.com/photos/54063325@N07/6451107107,https://live.staticflickr.com/7146/6451107107_69cb4e22c9_b.jpg,
big-breakfast,Big Breakfast,plated-meal,"Breakfast experiment. That's a McDonald's Big Breakfast, with the bacon jam I go",by,Sancho Papa,flickr,https://www.flickr.com/photos/46097475@N00/6768126091,https://live.staticflickr.com/7144/6768126091_887e317f11.jpg,
big-breakfast,Big Breakfast,plated-meal,Good morning! McMorning! Have a nice weekend! #Fast #Food #McDonald's #Big #Brea,by,IchStyle,flickr,https://www.flickr.com/photos/66172503@N00/19786956885,https://live.staticflickr.com/307/19786956885_a41a22ac04_b.jpg,
big-breakfast,Big Breakfast,plated-meal,McDonalds Big Breakfast,by,coolmikeol,flickr,https://www.flickr.com/photos/44094498@N03/4844975894,https://live.staticflickr.com/4083/4844975894_284e9bee6a_b.jpg,
big-mac,Big Mac,cheeseburger,McDonalds-Big-Mac-Price-World-Map-2022,by-sa,CashNetUsa,wikimedia,https://commons.wikimedia.org/w/index.php?curid=130289780,https://upload.wikimedia.org/wikipedia/commons/e/e3/McDonalds-Big-Mac-Price-World-Map-2022.png,
big-mac,Big Mac,cheeseburger,McDonalds Big Mac hamburger cheeseburger,by-sa,Amin,wikimedia,https://commons.wikimedia.org/w/index.php?curid=68134065,https://upload.wikimedia.org/wikipedia/commons/7/70/McDonalds_Big_Mac_hamburger_cheeseburger.jpg,
big-mac,Big Mac,cheeseburger,McDonald’s Big Mac Set in Japan 2022.06.02,by-sa,はらまち,wikimedia,https://commons.wikimedia.org/w/index.php?curid=118631864,https://upload.wikimedia.org/wikipedia/commons/1/15/McDonald%E2%80%99s_Big_Mac_Set_in_Japan_2022.06.02.jpg,
big-mac,Big Mac,cheeseburger,McDonald's Big Mac (23083531891),by-sa,Willis Lam,wikimedia,https://commons.wikimedia.org/w/index.php?curid=78711941,https://upload.wikimedia.org/wikipedia/commons/6/60/McDonald%27s_Big_Mac_%2823083531891%29.jpg,
big-mac-sauce,Big Mac Sauce,cheeseburger,Square 40/52,by,Go-tea 郭天,flickr,https://www.flickr.com/photos/131814204@N04/33103049842,https://live.staticflickr.com/773/33103049842_9c775e4fd2_b.jpg,
big-mac-sauce,Big Mac Sauce,cheeseburger,The World's Best Big Mac?,pdm,comedy_nose,flickr,https://www.flickr.com/photos/23408922@N07/4365461671,https://live.staticflickr.com/4031/4365461671_47c1e0bcd5_b.jpg,
buttermilk-crispy-chicken-sandwich,Buttermilk Crispy Chicken Sandwich,chicken-sandwich,McDonald's Buttermilk Crispy Chicken Sandwich,by-sa,theimpulsivebuy,flickr,https://www.flickr.com/photos/27410581@N07/20322290744,https://live.staticflickr.com/603/20322290744_f777d87568.jpg,
buttermilk-crispy-chicken-sandwich,Buttermilk Crispy Chicken Sandwich,chicken-sandwich,McDonald's Buttermilk Crispy Chicken Sandwich 2,by-sa,theimpulsivebuy,flickr,https://www.flickr.com/photos/27410581@N07/20944893275,https://live.staticflickr.com/5719/20944893275_8bcbc75cef.jpg,
buttermilk-crispy-chicken-sandwich,Buttermilk Crispy Chicken Sandwich,chicken-sandwich,File:McDonalds Buttermilk Crispy Chicken Sandwich.jpg,by-sa,Checkingfax,wikimedia,https://commons.wikimedia.org/w/index.php?curid=52023657,https://upload.wikimedia.org/wikipedia/commons/b/bd/McDonalds_Buttermilk_Crispy_Chicken_Sandwich.jpg,
cheeseburger,Cheeseburger,cheeseburger,2008 08 04 - 7423 - Moscow - McDonalds Cheeseburger,by-sa,thisisbossi,flickr,https://www.flickr.com/photos/25622716@N02/2914643794,https://live.staticflickr.com/3164/2914643794_1ba078e826_b.jpg,
cheeseburger,Cheeseburger,cheeseburger,18-365 McDonalds Cheeseburger Happy Meal,by,elsie.hui,flickr,https://www.flickr.com/photos/91188380@N05/9572389517,https://live.staticflickr.com/7355/9572389517_aa4dd9e705_b.jpg,
cheeseburger,Cheeseburger,cheeseburger,McDonald's cheeseburger (1),by-sa,,wikimedia,https://commons.wikimedia.org/w/index.php?curid=462927,https://upload.wikimedia.org/wikipedia/commons/1/16/McDonald%27s_cheeseburger_%281%29.jpg,
cheeseburger,Cheeseburger,cheeseburger,06 McDonald's Cheeseburger,by-sa,jasonlam,flickr,https://www.flickr.com/photos/93512023@N00/4887096908,https://live.staticflickr.com/4073/4887096908_df9c1139a2.jpg,
chocolate-chip-cookie,Chocolate Chip Cookie,cookie,133/365: you don't really want these,by,Mark Bonica,flickr,https://www.flickr.com/photos/23119666@N03/9441758584,https://live.staticflickr.com/2815/9441758584_7e3238ef46_b.jpg,
classic-chicken-sandwich,Classic Chicken Sandwich,chicken-sandwich,McD-Classic-Grilled-Chicken-Sand,cc0,Evan-Amos,wikimedia,https://commons.wikimedia.org/w/index.php?curid=17189958,https://upload.wikimedia.org/wikipedia/commons/0/0a/McD-Classic-Grilled-Chicken-Sand.jpg,
double-cheeseburger,Double Cheeseburger,cheeseburger,McDonald's Double Cheeseburger (2024),by-sa,Filippos Fragkogiannis,wikimedia,https://commons.wikimedia.org/w/index.php?curid=158070702,https://upload.wikimedia.org/wikipedia/commons/a/a2/McDonald%27s_Double_Cheeseburger_%282024%29.png,
double-cheeseburger,Double Cheeseburger,cheeseburger,McDonald's Double Cheeseburger,by,Rusty Clark ~ 100K Photos,flickr,https://www.flickr.com/photos/23206546@N04/22242627561,https://live.staticflickr.com/751/22242627561_385d3e3bde_b.jpg,
double-cheeseburger,Double Cheeseburger,cheeseburger,2020-10-11 22 12 40 A McDonald's Double Cheeseburger in the Franklin Farm sectio,by-sa,Famartin,wikimedia,https://commons.wikimedia.org/w/index.php?curid=94972997,https://upload.wikimedia.org/wikipedia/commons/d/da/2020-10-11_22_12_40_A_McDonald%27s_Double_Cheeseburger_in_the_Franklin_Farm_section_of_Oak_Hill%2C_Fairfax_County%2C_Virginia.jpg,
double-cheeseburger,Double Cheeseburger,cheeseburger,2020-10-11 22 13 30 A McDonald's Double Cheeseburger cut in two in the Franklin ,by-sa,Famartin,wikimedia,https://commons.wikimedia.org/w/index.php?curid=94972995,https://upload.wikimedia.org/wikipedia/commons/d/d4/2020-10-11_22_13_30_A_McDonald%27s_Double_Cheeseburger_cut_in_two_in_the_Franklin_Farm_section_of_Oak_Hill%2C_Fairfax_County%2C_Virginia.jpg,
double-quarter-pounder-w-cheese,Double Quarter Pounder w/ Cheese,cheeseburger,McDonald's Double Quarter Pounder with Cheese,pdm,PatrickRich,flickr,https://www.flickr.com/photos/91689877@N03/48058495612,https://live.staticflickr.com/65535/48058495612_d4c02bd6b6.jpg,
double-quarter-pounder-w-cheese,Double Quarter Pounder w/ Cheese,cheeseburger,"McDonald's Double Quarter Pounder with cheese advert, Malpas Road, Newport - geo",by-sa,Jaggery,wikimedia,https://commons.wikimedia.org/w/index.php?curid=144951069,https://upload.wikimedia.org/wikipedia/commons/2/22/McDonald%27s_Double_Quarter_Pounder_with_cheese_advert%2C_Malpas_Road%2C_Newport_-_geograph.org.uk_-_6247172.jpg,
double-quarter-pounder-w-cheese,Double Quarter Pounder w/ Cheese,cheeseburger,Singapore McDonald's Double Quarter Pounder with Cheese Burger 07-08-2025,by-sa,LN9267,wikimedia,https://commons.wikimedia.org/w/index.php?curid=171928970,https://upload.wikimedia.org/wikipedia/commons/d/da/Singapore_McDonald%27s_Double_Quarter_Pounder_with_Cheese_Burger_07-08-2025.jpg,
double-quarter-pounder-w-cheese,Double Quarter Pounder w/ Cheese,cheeseburger,McDonald's Double Quarter Pounder Cheese - Big Mouth!,by,kawanet,flickr,https://www.flickr.com/photos/50902562@N00/3257916084,https://live.staticflickr.com/3433/3257916084_27c0b55ef6_b.jpg,
egg-mcmuffin,Egg McMuffin,breakfast-sandwich,McDonald's Egg McMuffin with new fluffy egg,pdm,PatrickRich,flickr,https://www.flickr.com/photos/91689877@N03/33726062898,https://live.staticflickr.com/7873/33726062898_a6b6deacda.jpg,
egg-mcmuffin,Egg McMuffin,breakfast-sandwich,My traditional airport meal is either a McDonald's Egg McMuffin or something at ,by,loustejskal.com,flickr,https://www.flickr.com/photos/63311602@N08/27542824595,https://live.staticflickr.com/7447/27542824595_f30fde9905_b.jpg,
egg-mcmuffin,Egg McMuffin,breakfast-sandwich,McDonald's Egg McMuffin,pdm,PatrickRich,flickr,https://www.flickr.com/photos/91689877@N03/46856148704,https://live.staticflickr.com/7902/46856148704_c5f1893f9d_b.jpg,
egg-mcmuffin,Egg McMuffin,breakfast-sandwich,"2019-01-29 13 16 31 A McDonald's Egg McMuffin still in its wrapper in Chantilly,",by-sa,Famartin,wikimedia,https://commons.wikimedia.org/w/index.php?curid=77249605,https://upload.wikimedia.org/wikipedia/commons/0/0c/2019-01-29_13_16_31_A_McDonald%27s_Egg_McMuffin_still_in_its_wrapper_in_Chantilly%2C_Fairfax_County%2C_Virginia.jpg,
egg-white-delight-mcmuffin,Egg White Delight McMuffin,breakfast-sandwich,McDonald's Egg White Delight McMuffin,by-sa,theimpulsivebuy,flickr,https://www.flickr.com/photos/27410581@N07/8678288461,https://live.staticflickr.com/8402/8678288461_f0fcfa3bb7.jpg,
egg-white-delight-mcmuffin,Egg White Delight McMuffin,breakfast-sandwich,McDonald's Egg White Delight McMuffin with Egg McMuffin,by-sa,theimpulsivebuy,flickr,https://www.flickr.com/photos/27410581@N07/8678288467,https://live.staticflickr.com/8115/8678288467_28fd1a960d.jpg,
egg-white-delight-mcmuffin,Egg White Delight McMuffin,breakfast-sandwich,McDonald's Egg White Delight McMuffin Innards,by-sa,theimpulsivebuy,flickr,https://www.flickr.com/photos/27410581@N07/8678288457,https://live.staticflickr.com/8263/8678288457_e2fac9d451.jpg,
